picket,plan_mes,plan_prj,plan_d,prof_mes,prof_prj,prof_d,vozv_mes,vozv_prj,col10,col11,col12,col13,col14
9.526,-38.083,33.337,91.227,-81.19,-9.834,-25.871,-52.856,46.204,-94.621,-3.753,51.636,86.149,-15.337
98.927,77.05,-10.263,-76.963,77.055,1.191,-64.359,62.872,18.126,83.628,-90.863,41.883,-68.325,27.069
-84.153,68.592,-91.753,-2.622,2.943,-60.19,-17.815,-8.509,24.847,62.252,-1.018,66.919,36.611,-3.316
-95.107,-83.289,-11.559,-13.408,97.426,-99.065,-87.675,83.301,87.183,-10.639,-39.057,-43.214,64.829,34.723
-65.602,-29.455,91.548,-19.692,67.166,34.194,81.087,46.432,-27.908,-74.624,-76.035,32.808,64.171,-61.898
0.657,40.39,-7.848,64.652,52.864,50.093,5.863,-97.094,-14.745,-75.008,-42.003,29.447,-3.604,-97.752
14.005,52.302,-12.396,-1.374,57.063,-39.031,6.424,-99.666,-32.675,1.066,77.586,-1.068,10.779,-9.886
-65.54,28.084,-43.488,-77.918,22.989,54.671,-19.748,-80.866,55.174,27.132,20.179,5.336,-40.482,-43.789
-89.58,-22.683,32.955,-9.338,-74.834,89.566,71.447,63.787,-5.854,-71.389,-77.491,7.902,-7.271,-33.886
75.741,54.257,-49.866,94.098,-14.463,-95.658,-70.923,-22.806,24.852,95.738,25.81,22.398,-34.316,-63.553
-7.334,15.916,-77.681,84.637,19.642,26.375,-72.844,-48.761,93.352,8.861,-27.507,-37.845,-89.632,-95.885
75.505,-62.367,-96.57,85.62,91.415,-34.451,18.935,38.945,27.754,-10.441,-36.286,10.056,94.395,-53.419
79.53,49.939,-51.243,15.794,57.219,-65.441,-26.167,7.88,14.811,4.19,93.015,77.714,-32.118,-19.405
-57.9,69.179,92.693,-83.466,-46.569,-30.309,-42.64,10.453,-27.818,89.171,35.679,0.361,61.041,63.549
48.492,-11.47,39.082,-62.923,38.93,90.714,26.39,16.095,-27.865,72.064,54.353,-33.095,91.897,-8.925
69.955,8.157,88.009,19.188,-6.238,3.246,-11.323,64.936,-22.072,31.293,95.121,41.176,68.502,-59.083
12.985,-86.943,-40.437,-28.679,44.071,12.692,27.132,10.424,36.806,35.289,54.264,-54.864,16.382,15.472
64.449,82.72,-66.323,27.573,98.339,-97.706,70.27,-3.765,20.911,-72.343,24.197,-21.598,-10.503,-44.213
-99.916,-91.298,53.356,-50.616,-95.404,36.353,49.721,-74.395,19.693,-77.898,9.795,-30.127,-98.032,-71.731
29.314,-94.603,94.171,-65.755,87.548,-83.165,-21.761,15.113,-22.569,69.42,-72.325,29.812,-19.369,-10.274
-67.669,74.258,-17.179,85.907,-9.288,-69.116,59.63,92.975,82.405,96.73,-19.325,7.165,40.671,6.718
97.685,96.132,-56.402,24.217,-17.13,-56.675,-38.906,-37.055,26.858,-77.56,73.132,4.711,50.862,-70.673
52.385,-82.312,43.981,4.033,-85.07,-73.64,-93.374,62.131,77.531,-5.903,-86.22,-52.953,-4.347,12.987
32.023,6.527,-1.731,6.151,-73.679,89.364,99.032,-96.912,0.695,-38.775,88.043,-54.604,95.062,-28.78
-67.925,-3.101,-41.254,-45.036,-92.5,4.248,-70.011,-73.627,88.525,-31.733,-87.129,27.191,53.121,51.767
58.161,-46.36,31.311,42.961,17.687,14.612,-52.579,-88.728,-36.131,-97.507,99.043,96.965,34.693,-0.262
63.781,72.222,0.914,-47.94,83.513,-35.85,3.727,-95.803,24.134,9.466,88.791,-29.395,67.24,-96.311
43.771,39.845,-11.949,10.716,-25.195,-62.405,-19.345,39.462,-33.632,53.695,71.33,88.164,88.456,-69.473
17.803,93.426,-1.486,-25.229,68.747,9.628,62.424,-17.734,-60.4,-20.739,-95.189,-61.643,-21.009,84.34
-13.179,-18.141,62.595,77.326,87.375,78.558,-11.774,-68.503,-9.994,67.022,-56.157,89.014,42.31,48.953
74.711,99.751,-31.645,18.177,14.379,-20.144,18.052,96.475,-27.827,-2.243,-81.59,25.093,24.049,-29.876
-47.059,46.62,-85.021,-50.501,-75.799,-27.403,-51.993,19.973,99.747,24.28,18.35,-54.775,75.452,-18.977
-93.416,-35.227,-82.586,73.384,-82.63,-27.809,40.146,28.731,18.513,-15.909,-1.288,37.736,21.91,81.864
-57.973,-3.865,93.082,80.889,-39.787,57.519,-6.232,90.37,-59.18,-49.919,-6.511,-4.616,34.11,5.643
-77.772,81.64,-40.197,30.557,-20.971,43.642,-95.623,27.555,-75.14,-25.299,-6.673,-55.194,-69.238,-10.554
65.514,-9.289,-74.75,37.329,71.316,-10.786,-79.917,70.663,-42.354,57.06,53.882,63.015,23.068,-29.984
-30.53,88.017,-29.976,-98.35,-19.727,-94.236,90.862,10.996,86.778,54.096,44.58,-11.076,30.842,66.418
-27.827,-75.414,2.06,81.991,-8.393,-25.556,19.269,95.498,-32.186,-83.08,64.25,66.045,47.65,68.101
13.27,-73.28,-74.356,14.947,14.885,6.073,10.119,-75.797,-26.643,10.342,-97.636,-62.51,36.18,89.29
89.1,-10.841,86.188,-19.272,69.059,54.143,-1.182,81.565,65.369,24.129,32.209,-76.594,-76.541,31.969
-11.745,8.964,-30.646,30.252,-7.272,-88.601,46.031,-8.276,79.511,-25.056,96.633,73.289,-56.018,-46.043
-30.171,-0.231,-71.335,64.79,1.976,62.051,74.655,34.979,-85.348,45.391,56.125,44.661,24.072,97.049
-13.276,-13.273,16.494,53.876,-58.978,2.86,-26.863,-71.827,-77.791,35.12,-69.733,32.568,-95.542,16.514
-33.553,-92.479,-13.666,51.952,-37.444,56.992,56.233,11.133,12.235,33.979,63.44,71.828,-93.728,-72.119
76.931,5.142,37.816,48.82,-20.578,-6.016,86.705,-46.64,3.632,23.84,-1.794,38.778,-13.578,-28.931
6.275,-35.232,-79.278,85.215,-60.162,89.174,74.231,-36.5,-91.069,20.88,65.624,-29.331,-63.668,-79.795
-53.758,12.408,53.684,-72.42,-99.535,-17.579,20.61,16.671,25.809,59.239,61.046,-29.148,-43.851,58.779
76.394,-82.033,0.66,39.011,82.881,-49.582,-4.995,-53.774,-21.308,30.748,-47.003,-26.809,65.735,-41.752
-78.188,79.398,-14.539,24.687,12.727,-47.232,-21.782,-56.534,5.208,55.541,25.369,26.566,-89.673,92.816
53.132,-16.427,-42.039,66.105,-84.439,-5.472,24.662,85.67,-90.637,-4.7,-18.737,20.598,-94.358,-32.921
-41.938,50.882,92.355,-74.839,-91.17,-27.365,-71.183,-75.046,15.176,-2.537,10.772,-33.666,-67.858,-42.855
-36.528,30.956,-46.741,-72.043,-95.607,-3.556,-4.488,82.15,-41.915,-94.075,-67.365,-100.0,-1.861,38.836
-42.871,8.133,31.871,68.043,37.932,-8.989,-33.843,84.981,-16.612,98.79,-63.878,60.542,61.841,-53.492
44.39,77.101,-52.201,-17.964,-95.456,-27.716,-64.688,-33.391,79.123,-8.037,-45.314,42.771,82.743,95.487
-77.381,-93.124,-45.366,-18.387,24.592,98.775,4.443,-4.452,-65.23,4.611,70.034,-85.299,24.522,-62.639
-42.588,39.545,23.528,95.007,-95.826,-57.181,-89.08,92.514,49.502,-61.4,27.32,89.901,21.691,82.952
53.879,98.535,-98.774,34.472,2.404,95.289,-50.966,3.185,99.719,80.923,75.834,-20.62,-26.067,39.621
80.254,-77.205,52.408,64.741,38.574,-18.548,-58.923,-85.643,-22.001,-8.469,-91.602,39.807,63.708,16.951
25.575,96.347,28.569,-88.62,9.823,34.937,6.168,6.204,-47.336,99.449,-69.248,25.13,31.444,-71.9
-63.738,5.531,-13.554,80.432,84.708,-20.94,-4.609,-85.595,74.321,56.405,75.062,13.342,17.043,-72.253
77.266,-13.451,86.717,-87.675,11.87,1.01,41.702,-52.203,94.944,98.215,26.41,-12.959,-75.962,66.163
-88.742,48.702,80.94,51.705,78.627,61.551,86.329,-81.205,-74.106,67.974,-29.635,41.039,18.186,-91.45
-21.809,85.836,87.977,52.971,-87.299,-71.838,-23.494,35.279,35.76,43.813,-31.995,74.952,-58.781,-24.956
-5.051,66.134,-18.243,8.561,-21.914,43.396,20.482,88.857,57.841,-9.981,-29.387,-40.077,-93.989,95.09
4.174,-42.712,20.03,-8.003,-88.724,91.171,-91.842,-34.068,-65.133,-15.59,18.013,-98.305,-60.884,-15.731
37.778,91.121,-11.634,93.032,-65.126,91.893,-15.146,85.055,57.742,-5.187,4.695,25.401,69.921,-50.017
69.111,18.885,-88.918,-57.815,51.184,-56.442,-59.91,92.577,91.99,69.676,75.939,-95.231,-50.019,-35.347
-86.351,77.18,-51.183,-92.76,38.858,22.826,94.206,93.48,-71.756,-33.232,14.572,-69.243,-37.012,-66.487
-40.343,22.172,-68.216,42.626,69.939,-15.467,-18.761,-37.532,75.794,48.826,83.598,9.202,-18.353,-82.735
0.448,61.643,-7.239,62.537,-22.191,18.905,-84.308,98.946,26.72,-69.235,-61.646,-14.609,-20.565,-1.329
-4.247,41.495,-0.109,15.951,76.431,-23.695,-65.674,-0.623,44.528,-99.202,68.962,-56.838,-21.187,-70.772
-58.334,-58.028,43.555,27.464,-86.146,-29.229,-87.493,20.535,-18.417,10.042,-76.902,-15.268,-27.263,-24.911
30.504,97.614,-19.824,92.474,-58.278,92.39,80.573,-20.695,97.676,-22.995,81.806,-51.31,-74.812,38.007
-55.978,76.643,-5.721,-3.113,78.539,-98.186,18.534,-83.497,32.738,79.1,-3.114,63.672,-53.844,-92.99
-87.339,-97.994,77.065,62.653,-58.693,8.135,44.244,-10.576,96.3,89.915,-71.936,80.681,21.26,-2.268
53.897,40.598,33.463,67.856,77.836,-89.332,-91.718,99.086,63.933,-0.927,-39.66,-88.97,52.173,97.048
-1.777,43.901,-14.205,-68.376,-4.488,38.279,27.438,-51.048,-67.904,76.775,-90.649,93.551,-63.782,-72.63
25.908,77.935,-35.562,6.975,34.638,1.193,46.179,23.173,-21.702,87.193,24.72,-84.627,-96.177,-83.404
-32.102,19.607,95.028,88.798,-41.123,76.301,-54.211,67.9,20.322,43.887,32.046,70.087,-89.06,0.897
-33.594,19.162,-68.381,-17.745,-17.729,93.745,56.355,67.682,88.564,19.628,-99.932,78.498,71.388,63.84
47.648,32.283,-33.349,-66.62,-4.078,-91.368,-1.627,12.528,-94.332,56.084,-2.921,-81.189,-95.148,19.033
27.329,-10.418,-40.797,-91.712,-82.893,-73.624,52.192,88.438,-0.155,50.84,-19.995,-93.082,-81.421,-33.122
76.238,70.692,-70.624,-53.175,8.784,15.846,-26.15,-62.59,32.904,-10.586,-62.04,18.056,37.506,60.766
-80.876,43.833,-46.25,63.258,-52.01,-29.57,-47.288,8.389,68.084,-4.841,-19.224,-60.092,-25.978,74.177
-74.129,-88.133,10.204,-18.79,-6.686,48.487,-75.688,59.486,61.51,-17.596,82.99,72.806,-91.091,95.767
1.296,-63.828,-36.995,97.48,67.831,74.9,96.036,-68.157,-97.248,9.147,15.335,-92.281,72.984,43.801
-43.197,24.633,-94.772,-72.291,-77.906,-20.237,65.287,-67.486,-71.266,-13.622,-78.051,33.819,99.669,-72.071
63.363,-21.412,-48.2,-28.572,-80.165,28.143,10.688,-72.144,-32.188,-40.864,-3.791,56.694,-97.336,-46.609
55.431,-91.209,-40.758,97.899,-44.45,34.296,-49.926,44.128,-19.56,9.925,12.485,70.908,-52.157,-77.469
39.499,72.342,-23.131,16.736,75.194,-15.605,1.122,-48.815,-82.899,-24.69,28.257,63.514,-11.44,-70.949
-43.19,-1.7,58.092,-71.762,1.482,-91.127,99.282,9.374,33.967,38.024,-47.72,26.15,41.975,-3.791
75.778,-47.527,-18.807,43.544,35.935,41.08,-45.818,22.19,-98.185,74.533,35.459,-85.499,28.953,30.968
32.88,69.529,2.789,8.41,-25.776,-85.915,29.825,40.027,-83.013,-69.911,31.278,53.242,-71.805,15.037
58.129,-39.957,5.74,-90.189,-99.011,-81.743,-22.106,86.673,11.699,38.945,-59.376,1.357,-23.419,-64.598
-4.862,19.093,16.765,-14.962,-47.195,98.31,93.52,-76.279,61.166,97.543,99.766,-26.763,-67.695,-52.882
89.966,-36.652,-3.723,-78.16,-59.871,-88.909,-70.116,57.715,-12.315,67.608,63.92,4.821,-72.633,60.082
99.3,20.126,-85.578,8.769,-22.059,-88.094,6.965,-11.009,55.467,-89.245,66.828,9.993,-78.548,-16.934
-30.946,-8.204,-20.944,-29.327,-76.787,52.311,-25.279,67.47,-32.973,-69.293,9.419,-85.753,83.113,-32.566
-33.546,12.995,-58.472,62.075,-87.002,59.007,-64.995,-7.141,2.145,-20.562,-99.282,-85.338,-48.968,-18.031
-60.581,8.521,-22.108,-55.266,-75.498,-71.056,-16.109,-65.887,-99.614,-27.978,98.927,-34.742,87.517,-18.354
-50.678,-83.939,-7.375,82.502,-9.725,-20.375,-46.326,93.547,-28.346,-15.043,98.254,93.479,60.015,75.377
27.936,9.485,5.983,-1.718,-75.335,-70.681,13.812,0.795,-32.901,-93.652,38.03,89.354,-41.903,-31.731
-57.349,-78.186,70.003,11.254,-57.753,0.913,-33.423,-13.474,-47.688,-83.927,29.619,-95.873,4.502,-34.391
-64.602,-55.119,-80.077,-79.112,-0.372,58.945,85.535,62.131,85.112,-3.356,26.466,-63.253,-73.38,55.496
55.878,70.252,-10.253,87.118,41.5,28.934,98.004,-54.636,44.944,-2.98,47.53,83.897,84.701,15.643
-68.818,63.943,62.911,73.112,69.36,44.384,-71.339,23.567,80.169,-86.567,-47.185,-34.113,-25.281,64.519
-7.749,-28.022,-3.088,94.502,-0.553,-79.596,91.154,-42.451,14.361,-45.569,-64.286,-48.235,73.025,-0.601
-76.407,-10.283,-75.175,-62.974,-36.959,-36.128,-2.274,35.463,66.161,-54.722,44.038,-2.023,96.809,-23.81
-13.18,-73.88,-74.743,-81.051,46.984,-69.424,-25.216,-60.687,27.501,28.278,92.656,14.002,68.749,55.556
16.494,-6.287,7.675,82.238,-85.256,-96.175,-79.135,-18.059,37.396,-88.712,-70.539,-4.935,-27.618,-64.384
15.529,32.587,35.487,92.178,-90.683,26.981,-12.732,93.352,82.931,99.656,-33.354,58.283,-20.363,9.727
16.219,44.914,-33.961,-64.446,54.239,99.471,-43.38,-78.59,-66.173,80.982,-53.466,-4.62,-82.619,-50.761
57.595,0.394,-61.175,-91.425,-18.128,92.081,44.423,-55.86,85.09,74.156,1.724,-21.241,-44.518,16.304
-80.235,-77.982,-58.986,43.591,-88.561,-39.475,-14.645,1.223,69.615,68.659,-60.675,-3.761,-61.471,-8.706
-78.362,-40.925,71.037,-70.324,-36.394,-1.89,-96.117,1.015,-17.663,-6.85,10.781,-28.859,47.435,-74.439
-15.533,46.18,18.382,-30.555,-67.243,-47.099,62.018,-89.818,-74.162,22.055,-15.61,99.014,-62.427,67.777
-90.933,90.583,-2.746,68.055,15.578,-99.109,88.946,72.767,55.362,-75.916,-6.667,0.671,-91.493,-96.948
-7.59,-32.784,61.887,72.583,-43.941,-48.98,-33.118,88.621,23.958,-49.95,82.506,-9.175,-11.239,25.606
-47.384,21.997,-8.198,-69.501,-67.813,-52.894,-97.068,78.431,82.771,-5.972,37.79,-86.145,-71.286,98.276
69.805,-10.439,49.393,-58.498,19.566,-72.496,87.812,12.323,6.972,7.669,75.781,-62.116,9.264,-94.938
-48.713,-53.457,-15.595,-62.335,-60.81,73.169,-36.604,54.357,-49.326,-82.979,71.991,96.624,-21.017,19.768
72.2,31.272,60.992,60.542,-21.854,66.544,96.489,58.943,81.029,61.518,-53.673,-20.715,76.031,51.487
63.658,79.031,23.216,-62.581,-54.984,-67.167,-92.701,-95.661,-61.1,76.63,38.143,-22.564,7.755,13.925
34.454,32.682,45.077,-76.389,5.646,45.064,42.079,97.112,2.428,-15.182,48.126,-29.86,47.704,38.743
24.819,-39.903,-45.538,-21.941,-78.943,-22.908,30.209,63.352,36.28,23.405,44.315,-56.49,55.862,-53.119
11.8,-73.589,45.121,15.622,76.239,-31.465,-13.312,21.119,29.303,55.196,18.127,16.536,36.245,-75.974
-33.946,-56.283,-80.852,15.513,-73.707,42.581,-3.81,-1.626,56.584,-68.915,12.969,28.689,-75.462,-33.869
-10.618,-42.924,19.764,-59.921,46.958,6.971,-36.676,-94.105,39.934,-86.343,81.819,-78.063,-24.052,-36.263
61.293,97.925,22.4,52.91,-27.291,-42.175,-99.189,-67.67,11.032,77.891,-91.306,-66.406,-93.755,20.453
25.459,75.856,16.937,-80.256,-5.027,-20.677,78.3,-70.516,-30.224,-56.985,-58.954,-52.166,96.217,31.482
-44.833,0.43,-64.202,44.835,-68.086,-5.954,-0.943,-94.89,-38.618,27.591,-23.986,29.272,-6.143,22.609
-28.32,-42.452,92.051,-43.66,-80.974,-5.266,6.207,41.894,-56.536,6.538,-90.383,98.016,-68.639,-29.539
-75.234,5.457,17.004,-74.745,7.158,48.672,-37.364,-50.515,65.318,47.094,-57.926,-34.581,-88.622,-70.589
-51.099,-80.747,59.337,-93.365,60.244,-99.728,-45.798,-95.47,31.81,38.455,85.329,-24.998,94.603,10.403
11.53,64.347,-48.658,-26.511,-81.902,92.52,-0.375,-80.795,23.164,-92.507,-3.63,64.541,47.063,0.659
70.637,89.769,-37.487,-17.229,73.231,91.121,-56.699,93.144,-92.448,34.757,-1.602,-44.922,79.793,-66.52
-45.887,-40.819,1.602,60.284,-38.86,-74.976,26.106,-56.116,74.626,-54.481,-96.54,94.827,47.884,-60.278
-26.738,-6.087,84.063,-80.336,-56.554,-75.628,57.712,-69.469,94.469,85.841,-65.137,-80.212,55.223,89.154
68.666,-36.383,65.917,9.646,-90.602,95.98,-50.962,46.377,82.596,18.779,12.035,51.075,-15.673,-23.47
50.439,-73.794,79.458,-79.268,-52.952,-92.586,-78.492,50.19,74.361,37.079,53.414,32.522,24.844,1.24
-41.267,58.028,14.327,-96.004,58.865,-40.623,29.888,-71.22,-91.979,97.158,63.636,33.002,-31.184,-22.606
5.11,33.776,-21.625,-66.288,-87.344,29.652,35.893,-85.683,21.865,-76.946,-56.89,63.168,28.417,-78.425
31.682,-17.525,-54.232,-83.345,64.099,-33.352,24.786,-70.848,31.005,56.024,-67.539,53.942,12.112,16.171
91.139,66.175,-60.846,62.619,-24.955,-95.885,-42.133,-87.708,7.778,12.331,7.649,40.204,-46.755,-93.305
9.17,50.465,12.487,-71.676,6.717,20.06,98.955,-20.874,38.523,67.923,-64.433,99.359,19.585,-32.034
2.695,-26.515,-10.879,-88.403,75.124,-70.958,97.335,62.772,-63.915,-30.996,-64.563,63.38,41.993,-63.867
27.541,17.214,52.67,-67.121,-13.202,-52.126,51.424,-34.228,43.699,-35.918,-5.6,-13.305,98.768,-90.772
61.194,-99.61,-8.766,-69.479,-56.867,28.728,-69.416,-82.823,78.878,69.895,-45.841,-16.808,58.684,-60.717
-72.388,22.543,-3.202,68.714,-28.868,39.795,-77.202,78.155,99.795,-45.425,-13.612,-44.92,-43.237,38.571
23.462,-9.902,57.071,-84.736,-74.001,54.386,7.493,-88.967,34.5,14.502,-16.369,-16.292,-33.654,21.26
74.348,-77.211,86.121,-86.293,-23.241,95.088,-9.947,-42.741,-26.88,-94.854,-21.558,81.242,12.289,9.1
-34.996,-90.171,-70.415,32.958,-76.277,-9.36,74.459,-32.7,-17.748,33.002,-25.159,-26.728,51.388,88.833
77.347,58.391,-49.949,74.822,-10.199,-9.513,71.212,88.318,78.933,-93.624,-28.019,-14.827,50.041,12.535
73.88,-90.677,85.195,32.054,-85.636,-28.753,-49.91,-96.697,-2.605,-71.679,-73.851,-9.249,45.63,-26.828
39.987,73.533,61.384,39.933,-99.924,-66.818,-75.274,81.09,-11.625,41.409,46.62,9.331,-67.967,-34.667
95.578,-53.801,-29.216,-95.473,-28.042,-80.542,-99.239,10.527,-38.95,-14.173,-51.877,4.999,-16.491,1.007
-90.204,-90.635,48.113,73.759,3.33,-50.655,-12.671,21.671,51.778,-38.724,21.526,24.414,-28.707,41.319
92.456,-19.852,-60.183,70.837,-14.369,58.672,77.529,41.159,-33.008,-14.495,98.475,44.209,-73.878,64.289
-96.721,-89.574,-55.592,-27.495,67.01,61.904,16.436,-98.07,-13.186,-60.753,40.608,-16.598,-22.084,-35.88
-55.745,8.732,-48.527,-0.26,73.74,-82.353,-61.274,51.893,93.013,7.039,57.94,-38.169,79.574,98.246
48.149,29.376,-62.069,-72.282,91.811,85.947,-39.3,-23.009,-67.83,98.215,48.669,-57.759,-99.762,80.456
48.666,-69.868,19.5,-89.025,-79.31,-62.787,4.478,-98.577,-40.725,-68.246,40.632,70.119,16.426,-52.203
15.201,23.826,-87.755,60.838,-11.635,-56.964,-83.048,79.224,26.299,1.375,-61.009,-37.091,1.721,-5.387
35.887,-65.336,-64.711,-88.783,-99.374,6.361,-3.161,-54.602,74.319,21.652,60.179,-55.349,50.334,-42.461
47.613,-77.783,89.972,20.653,-72.094,80.881,0.963,45.397,-33.545,2.78,89.322,69.143,-23.444,84.087
-44.13,-96.459,-95.589,-62.898,-93.489,82.975,3.152,80.954,-95.874,-95.749,63.502,37.084,87.146,-80.336
-52.278,-63.469,32.797,-54.649,-49.564,-16.585,56.302,46.229,-48.249,7.136,52.998,-71.604,83.103,-79.816
96.521,-71.415,-17.143,86.04,8.708,2.344,30.195,63.33,53.502,84.26,58.63,0.433,-63.294,-56.247
97.107,-37.685,96.219,-56.12,85.746,47.258,39.566,-86.616,-35.769,-98.799,-20.191,97.212,89.064,75.569
-36.455,-63.679,-74.297,-99.965,16.841,-43.279,-30.396,-12.789,-26.587,-37.605,2.948,71.46,34.761,-11.72
-13.726,-77.493,61.932,45.534,-80.217,47.166,-38.36,34.658,-66.885,-29.721,-33.228,66.767,-19.062,41.019
-72.324,-29.395,-20.504,11.074,-0.221,42.61,75.425,-69.776,46.547,25.403,-60.0,-88.375,3.025,83.207
71.651,-21.895,99.772,33.867,-92.552,-36.235,-53.638,3.187,90.622,-81.057,82.857,-78.675,-88.314,-50.261
-23.474,6.647,-69.728,21.782,-71.853,-18.427,19.24,45.929,91.499,-2.087,-79.37,-40.874,-1.256,34.868
-43.941,48.785,82.146,-81.386,-35.1,92.135,-80.047,-58.111,20.789,-75.231,65.537,4.019,-64.219,10.415
33.449,36.508,57.292,-97.58,0.215,-57.245,-34.088,54.42,-69.106,28.421,6.03,29.287,-80.635,53.159
-4.393,57.155,-40.734,-79.419,-77.29,-60.626,50.166,28.557,57.366,-47.86,-77.637,-84.5,4.74,-49.725
70.573,-70.668,29.061,-23.527,60.966,77.656,-33.227,-62.023,33.625,60.118,72.551,-49.929,-10.27,-68.117
12.629,-61.792,-85.489,-11.617,-73.233,-94.483,80.5,69.094,-75.136,73.355,85.24,-15.817,91.572,-11.332
-37.914,-13.018,-14.5,-3.394,-15.936,-73.18,-86.245,44.925,-89.664,10.334,-16.687,-0.919,14.258,-86.122
77.475,-94.643,-38.977,32.36,-52.084,6.008,-49.57,58.344,-77.52,-73.199,72.284,-57.201,41.209,64.592
-48.421,-33.827,74.627,-82.595,43.89,36.269,-64.197,43.026,-68.086,65.317,-53.184,-34.526,34.719,-85.578
-96.394,-13.986,-4.795,71.005,45.284,-77.296,61.064,25.208,17.096,-96.235,68.088,80.102,66.827,-78.433
24.698,60.945,-80.559,8.299,89.178,-65.407,41.091,-93.289,9.259,-9.498,2.681,85.222,62.864,-7.345
-57.862,-89.995,9.41,35.483,78.074,-66.89,17.947,25.567,-76.648,47.232,-1.626,47.933,47.837,-23.126
13.924,-24.641,-18.059,-84.95,66.472,-76.937,-39.063,-3.78,86.409,69.958,-78.72,-56.502,9.368,51.333
-66.569,93.994,-36.521,-88.949,-27.775,76.85,-85.925,14.134,-59.97,-2.226,68.102,90.846,-3.343,-49.404
79.355,72.11,-90.803,94.734,-59.814,19.629,-52.454,-8.4,37.416,-66.722,-83.698,57.475,93.849,-39.16
93.807,-68.799,32.65,7.247,-21.882,-97.601,-70.129,84.791,64.283,43.42,-76.088,54.666,-80.201,-36.098
17.679,-16.106,-99.99,-9.835,-22.117,3.23,-43.299,19.458,-58.762,-3.968,-61.72,-60.865,-38.108,33.752
4.403,48.74,-86.662,-89.639,-44.111,-53.596,35.904,-0.422,97.4,58.897,24.739,49.278,-42.357,-80.021
65.075,22.98,-96.872,-88.492,-90.89,-77.669,-28.766,-43.652,39.239,-27.158,36.897,-21.927,-39.927,90.642
-90.17,31.622,3.058,39.381,-46.443,-12.75,-95.684,54.351,20.446,-88.267,23.271,-46.737,-27.863,13.147
10.708,45.994,85.082,-31.306,54.225,-0.407,62.148,-23.063,-28.203,-0.284,8.606,-57.924,28.222,34.594
-61.168,-10.522,73.549,-6.586,64.268,-32.216,-92.768,-28.503,94.765,-70.76,-64.104,-48.857,16.45,50.627
95.235,-59.09,48.682,46.655,-30.988,60.588,17.49,63.307,41.683,-28.69,-17.973,66.115,37.198,59.005
6.288,-41.56,91.428,81.789,60.193,59.058,21.187,86.863,-89.042,-20.482,14.562,-63.761,-71.966,-82.234
-53.662,43.132,-99.754,14.011,-59.973,30.105,98.795,54.222,-34.835,-69.794,-73.957,89.015,8.139,-64.485
16.896,-74.702,-54.528,-19.106,83.435,-26.481,1.542,-92.673,-12.488,-21.933,94.179,47.165,-81.453,57.119
10.2,-64.969,16.017,60.128,-29.455,89.382,75.648,8.924,-25.698,83.322,-59.446,79.022,-96.575,-60.845
-38.963,91.128,80.174,-47.795,15.345,46.078,39.589,-79.04,-59.523,50.674,-57.426,-86.893,37.451,-11.532
36.11,48.92,43.834,35.868,92.777,-0.765,-33.56,-9.986,-70.487,66.734,-55.583,-99.698,65.248,4.181
10.2,-64.447,-56.74,-36.17,30.098,-29.969,-75.799,71.089,-77.763,-98.005,-66.059,97.926,-57.543,64.85
23.459,-1.15,55.082,-39.641,41.84,55.325,-52.729,63.357,99.265,-38.042,47.709,-4.362,-11.484,93.798
65.077,77.128,-14.234,-62.32,-92.648,58.837,47.491,-92.685,-54.013,-15.913,-90.145,-65.395,-82.423,69.14
-65.2,-64.437,92.407,15.144,49.099,87.832,62.063,60.159,-14.627,7.379,-40.162,68.011,16.969,42.844
-89.165,-37.282,87.714,12.066,90.144,85.977,-72.021,-97.794,46.534,-30.782,-78.348,-46.544,-31.594,10.905
-54.894,27.677,53.237,45.569,46.681,-45.811,73.678,95.245,-59.555,87.839,-12.785,-32.806,0.94,3.249
-93.569,32.478,25.096,27.1,-27.376,-50.034,-97.435,52.721,48.117,-24.158,-8.69,-10.687,-10.568,-36.017
-59.655,-62.307,-88.425,26.838,-16.08,47.101,91.145,60.401,-62.788,6.015,-28.525,-96.642,-14.325,92.114
56.376,92.903,-26.991,-58.351,97.982,11.612,-3.193,50.155,-97.128,31.756,24.403,72.098,35.736,39.953
91.761,78.123,87.46,17.739,-47.56,41.103,11.184,-81.541,-88.039,-77.694,82.778,2.482,15.911,-35.169
-26.333,57.069,60.409,77.751,-7.034,-29.872,23.665,33.875,-94.741,32.167,27.573,85.675,10.635,-1.769
-13.017,-57.138,-8.442,-5.096,19.848,71.975,-44.542,-76.526,67.068,-61.235,-70.394,-73.59,-37.248,2.52
-38.358,37.93,-70.648,-1.001,82.834,65.228,-25.949,71.5,-75.029,-68.536,10.892,49.861,17.553,-11.99
37.351,-53.191,-36.844,-43.912,66.685,-78.941,3.486,-61.929,53.173,87.021,-44.145,-75.666,-76.306,-49.834
48.508,-21.145,38.874,93.373,-69.177,-17.784,80.034,68.302,-36.829,66.725,-20.712,-85.014,-97.976,-10.34
-52.559,-93.53,46.057,80.95,-43.555,-36.888,35.543,31.943,30.174,85.125,49.987,-47.324,-31.033,-0.932
66.415,-61.612,-54.045,-38.614,-46.768,-59.844,28.759,-13.422,86.187,9.09,11.605,94.385,-71.791,-79.077
-49.882,30.63,-11.316,56.673,-90.92,-86.065,-41.956,0.503,-1.097,66.768,89.556,-57.642,23.871,43.008
-82.357,17.633,68.205,69.914,23.746,40.682,82.576,33.477,-79.919,19.675,38.17,87.976,-5.775,-85.086
-36.352,82.564,-4.516,-20.53,20.268,-58.919,-67.545,23.509,-29.505,90.71,-97.194,-23.649,-24.561,82.444
0.507,38.598,92.079,96.811,-75.69,56.168,-97.336,22.53,6.879,-17.134,-74.002,69.981,-57.937,-65.827
-23.701,-83.954,-11.027,-74.926,-0.723,-29.761,99.035,2.158,-74.464,19.337,70.325,-10.11,24.395,-6.07
0.088,13.966,48.761,73.921,-22.758,15.808,61.199,-47.97,74.994,-61.743,-48.525,-29.979,87.458,18.55
-7.435,-76.837,-58.614,12.191,-20.726,94.61,88.581,38.112,-97.4,10.666,29.035,-78.916,-48.544,73.022
-74.634,77.441,17.222,23.082,75.88,0.39,-42.308,98.454,50.298,53.155,-50.108,90.819,52.405,-51.628
61.223,87.01,22.551,93.46,-35.886,31.537,-72.79,-98.221,0.681,79.758,70.133,38.403,68.85,50.719
-29.444,1.992,-55.862,22.039,24.636,74.747,92.488,58.556,85.971,-74.908,-9.499,-52.061,-48.141,-97.263
43.928,-35.314,19.382,-49.444,78.764,-25.404,-83.501,-51.05,-48.192,-73.719,47.332,42.371,58.111,-53.508
87.195,75.002,-45.312,-19.01,-80.466,-5.263,80.787,-14.31,70.149,-0.125,3.312,-11.854,-71.036,90.47
15.045,24.687,65.318,-12.16,29.843,97.984,53.011,74.179,5.296,-33.273,75.635,90.633,-59.593,-19.964
97.869,88.956,40.192,-11.576,-21.966,-23.383,-34.088,67.328,-97.338,-82.446,-97.772,88.262,34.98,94.323
87.746,-11.37,88.289,-19.841,-88.16,17.877,-72.912,-54.972,3.364,-43.49,12.323,-80.407,-75.416,60.453
-65.15,-10.562,49.611,95.521,2.542,71.237,-12.094,-27.713,-79.631,79.698,2.776,97.134,-51.74,-37.944
87.993,-70.046,64.327,60.828,28.097,-40.298,26.56,39.706,64.965,-44.951,41.673,92.123,23.557,-58.621
-77.911,66.499,85.472,59.949,-80.02,15.679,32.013,94.074,3.761,71.177,24.231,-99.525,15.416,-45.698
-22.225,11.5,32.538,33.682,97.168,22.536,48.322,-54.215,-47.327,-39.371,57.3,-52.675,42.259,70.782
-23.837,-23.678,-78.511,55.152,-67.662,92.69,-57.568,-86.614,46.212,31.363,32.842,11.456,-10.262,72.403
-45.101,-36.731,18.736,-89.429,33.626,-78.936,-21.859,-92.127,-41.304,11.391,-72.16,19.931,-72.173,12.415
19.414,-21.363,-37.4,-16.036,-31.921,-95.036,44.34,71.303,-1.879,-39.536,-68.03,93.998,8.845,43.492
-74.927,69.394,-97.894,57.533,21.72,-85.11,-31.562,59.959,-4.468,-35.481,-25.004,79.026,-81.627,16.132
-34.884,-5.498,66.8,60.91,17.277,-86.723,-74.345,17.758,88.638,30.804,-34.065,28.942,82.955,79.687
-71.218,-21.321,-52.003,31.301,22.507,-37.678,86.388,16.868,57.219,-81.804,17.641,41.436,46.668,-6.745
60.093,-57.44,74.899,-35.799,-64.439,-64.856,-16.966,-55.272,71.23,-64.159,56.557,-16.836,22.69,-5.891
-22.271,13.972,-35.942,-0.252,11.579,66.226,96.309,38.498,-91.122,2.044,57.003,50.423,-17.467,15.369
-9.608,-91.668,-53.699,51.356,-76.904,69.616,-60.596,-8.124,69.541,77.464,-69.899,99.683,-65.135,30.657
70.724,84.015,-1.168,-66.56,-18.832,62.361,78.684,-25.192,93.649,51.111,-57.29,67.545,17.952,-73.689
11.749,13.242,66.797,-88.779,-42.057,-41.373,81.237,-45.643,-49.287,57.469,88.468,58.869,-97.221,-91.553
-31.59,-12.804,61.597,-47.761,94.311,63.978,-84.907,-58.792,-15.746,16.927,-29.176,-32.306,-48.66,8.573
58.74,-65.462,-71.385,19.895,12.45,75.238,77.448,-35.478,-19.444,35.066,87.534,-76.165,-34.856,38.616
73.043,17.175,-91.75,-22.116,57.146,-72.779,6.632,-30.954,-44.196,93.029,-81.985,-17.192,-33.924,24.284
-29.054,24.537,32.759,6.474,-66.04,-11.031,-46.613,55.0,76.409,-22.205,-3.748,23.828,75.028,83.705
24.738,44.552,-87.42,93.112,66.153,84.818,93.423,-49.097,18.606,27.124,-67.201,51.114,75.071,-14.17
27.196,-48.893,20.594,51.11,55.612,50.995,-99.911,-55.347,-51.915,33.976,29.158,-45.221,23.783,83.817
77.647,-7.861,98.964,1.933,-73.307,-49.063,6.476,-39.014,-42.438,32.835,-90.646,-99.807,6.953,-34.237
-55.629,-69.677,-53.242,-69.781,-12.579,4.777,43.534,40.161,57.447,-12.569,3.35,-92.308,69.77,33.778
-77.422,96.597,14.421,25.71,-23.744,-27.296,94.882,-58.459,94.739,69.073,54.949,93.635,-86.018,-20.546
20.392,-59.596,-8.291,80.452,23.771,-74.432,23.402,97.176,15.154,79.894,-70.363,-55.557,-95.025,-36.888
33.167,3.331,83.798,5.891,-30.822,-55.583,87.898,-60.141,-63.171,-78.238,-96.247,-11.355,86.391,-72.782
-72.786,41.749,92.213,0.943,1.958,90.193,11.098,-54.229,57.167,-59.74,-46.073,62.521,33.233,2.331
-65.512,-40.09,-64.807,11.476,-26.163,95.595,75.857,-72.526,-85.284,92.107,-48.386,81.593,-25.325,-79.26
75.183,-67.218,39.251,-47.877,-3.587,-96.863,63.289,-65.847,-81.094,42.205,-27.668,35.21,73.94,88.911
-27.286,-96.709,-73.04,-87.88,64.279,-42.453,-17.755,-8.135,-45.481,84.142,-9.85,5.378,43.487,-26.227
-37.588,72.029,57.521,-5.924,30.531,-67.387,12.823,0.477,20.105,52.55,-55.698,-90.919,-13.738,13.451
-47.959,-74.31,-36.003,36.393,-96.557,-59.489,-30.238,-80.389,91.268,97.734,-23.938,-5.552,49.573,9.338
-79.93,-68.911,-34.258,-33.344,-35.279,-82.536,19.044,-74.441,-27.52,39.157,41.542,66.6,-34.154,85.623
-12.086,-40.973,-84.159,-5.671,-14.644,96.585,59.726,78.762,-15.643,-94.397,-43.104,-75.461,57.554,-46.184
-36.319,-6.293,-46.288,-36.672,40.615,-2.689,-2.129,-4.643,9.883,84.214,30.015,80.027,70.085,-18.809
23.954,45.654,72.81,54.045,-17.853,97.734,-14.114,47.513,-51.656,-69.83,96.549,11.38,73.384,-30.561
62.754,-40.833,-29.278,-58.178,37.9,-63.526,-94.221,93.421,-76.875,-53.077,43.71,-53.687,-42.212,26.904
-37.395,83.847,-28.289,-97.503,45.248,-41.108,-29.837,-54.599,30.637,-22.201,-2.991,51.703,-57.831,-56.1
82.003,-52.648,44.621,72.589,-53.986,63.998,-36.902,56.177,-75.378,30.526,-16.749,76.197,-14.884,18.406
-15.279,-86.022,76.86,-76.537,55.497,-9.125,-16.244,41.421,-89.6,73.976,89.783,19.312,6.367,-62.831
-7.969,39.675,74.028,43.334,-63.102,-86.982,-49.281,68.759,-9.052,27.785,-52.386,96.767,-92.451,-50.438
-87.007,69.663,-89.28,-28.184,-26.4,-27.53,-70.101,58.237,33.844,14.313,52.212,-15.02,-19.514,41.392
-29.486,30.759,-1.011,-2.983,50.106,-83.157,98.373,-55.099,-79.182,-74.731,-57.308,72.845,-11.547,24.621
-56.852,-83.267,-53.067,-90.88,41.325,-23.761,47.31,-92.383,12.911,-66.127,-19.235,71.431,55.056,-75.748
82.441,46.221,-74.332,-19.413,-90.042,-68.129,78.266,-20.271,-56.557,-54.747,7.393,70.135,64.609,39.623
-93.793,-30.751,-56.518,39.777,-23.365,43.587,-85.413,36.106,2.939,94.561,-92.493,-1.989,-96.469,69.018
4.065,-60.414,46.4,68.104,-46.294,97.909,14.386,-86.75,-43.666,-65.526,-43.776,24.253,92.442,-94.069
-74.653,-58.204,59.912,61.246,-83.995,62.101,-84.14,-25.995,20.758,-16.634,-68.27,46.097,66.261,62.914
28.672,-10.227,-57.4,70.824,-66.582,-7.97,-62.891,55.396,59.292,43.32,-20.2,31.093,-86.464,80.589
-56.372,85.987,78.155,-45.831,-71.81,-96.852,-51.077,-2.528,28.955,17.276,-53.73,22.088,21.559,63.501
-19.289,43.629,59.488,18.397,67.208,-87.408,-90.226,-2.205,-40.378,63.365,96.514,-5.231,39.939,37.962
53.98,-70.531,-52.359,-57.785,-26.078,-59.672,85.293,-86.627,97.271,-30.837,-73.652,-89.067,91.069,-26.671
64.356,-56.466,60.21,-56.848,45.093,96.331,-12.796,69.643,84.211,79.369,59.082,76.529,-92.64,-77.104
69.772,-12.639,-7.053,-99.024,38.308,35.876,-56.901,14.671,-31.521,72.958,-26.644,-81.782,15.279,67.269
57.094,-39.809,20.659,-89.262,-31.824,73.696,15.132,60.509,-7.015,-62.364,94.509,-22.906,-63.468,81.806
-21.274,-3.901,90.581,12.44,75.985,90.968,-9.867,7.931,-63.325,-23.578,62.405,-16.906,65.467,74.843
27.646,-40.911,-44.083,-5.023,-0.485,-91.606,25.533,98.758,26.005,93.873,79.612,38.793,-37.194,4.781
-98.775,34.003,16.665,-11.255,-81.188,-11.651,-1.724,14.962,-70.873,-6.884,-46.51,85.807,-59.224,28.733
-7.291,47.827,-36.666,-47.391,27.299,36.004,-89.871,-12.77,36.525,-76.501,-9.211,-7.242,37.497,12.578
-77.326,35.734,93.842,24.201,-73.931,-85.447,17.396,27.981,6.415,-71.276,-89.225,0.727,95.804,9.461
4.89,29.393,-66.32,-23.157,-87.128,-4.623,78.123,99.431,-59.8,45.961,-90.48,71.328,17.617,-3.128
46.998,-23.961,84.866,-22.848,-21.917,0.477,2.428,-10.479,-24.712,51.574,8.804,12.009,-60.248,59.534
10.62,-33.82,-5.926,-31.478,57.745,63.546,96.056,79.145,-14.59,58.853,-34.634,16.76,-5.29,85.873
-25.579,9.632,-26.004,-20.89,73.732,-69.357,-81.481,-53.822,-56.046,-14.045,84.555,-11.604,-25.562,-64.935
-82.814,-26.675,16.048,-45.918,-3.688,28.75,-53.603,-33.629,-79.174,-28.643,-0.983,-36.972,-35.911,94.971
-42.958,27.395,2.015,-31.332,55.247,57.212,-28.827,53.478,77.384,-19.959,73.658,-42.839,-73.758,67.501
59.35,-68.652,31.865,54.872,63.203,-15.86,30.799,3.973,-84.888,73.707,-34.165,38.613,39.045,85.738
-65.625,12.401,24.904,9.067,-34.356,12.926,-42.629,85.787,-52.97,-76.394,-76.406,5.254,-19.052,-7.837
-41.109,33.862,-85.938,23.567,95.913,-89.568,-44.448,78.957,-67.25,-90.151,34.058,-16.199,44.797,-5.073
-2.736,-54.419,37.458,-45.29,-2.091,54.331,39.623,58.249,72.151,-90.714,56.8,69.731,75.208,-87.866
50.608,-90.736,55.494,-95.821,91.992,15.667,-28.632,84.787,-25.389,-67.01,30.785,-78.695,24.039,-19.449
-79.969,-92.696,52.864,-56.197,55.808,63.315,-34.984,-71.665,21.824,90.526,-95.991,-64.066,-38.888,1.932
-80.12,59.437,39.645,-68.087,39.605,3.386,-22.338,-41.342,27.259,29.001,95.116,-70.548,88.072,78.764
-10.01,-1.852,-12.213,92.493,-67.266,-28.776,97.347,-55.989,-30.43,32.306,66.74,-23.673,57.18,-19.271
56.52,-71.236,49.57,-24.012,93.067,58.384,4.834,-55.285,-44.679,70.229,-42.503,-36.195,-42.653,-94.429
57.481,21.353,-3.365,-81.491,-8.067,8.13,36.446,-77.402,48.128,-59.026,-58.669,-60.156,84.708,-76.91
65.152,31.942,-10.952,-98.307,-30.75,86.244,40.452,-69.678,-67.108,-7.464,-61.512,63.083,38.352,58.741
-84.152,-12.222,86.197,-94.437,79.222,63.954,73.867,90.881,-49.506,-98.554,-71.799,22.899,-68.116,86.048
-7.301,-28.396,-95.623,81.596,-87.095,65.985,-36.932,-26.548,34.026,-52.806,18.631,-46.786,90.41,-47.049
37.735,72.076,50.781,-11.4,-9.079,-83.27,48.854,-75.388,-97.855,-60.947,96.282,-36.843,-44.934,63.962
-41.51,21.376,41.027,-48.454,-30.168,31.957,82.317,20.323,-93.888,84.139,-34.245,5.898,-46.206,91.117
41.769,7.291,-89.725,73.578,-96.153,68.916,-31.536,-25.564,-44.235,-15.609,33.899,-66.868,-64.074,72.37
-86.407,68.322,23.746,-57.67,-15.157,53.266,4.115,-87.988,-8.057,-20.873,69.237,-63.832,-91.052,-64.298
-25.378,18.428,59.278,88.937,-46.409,-73.798,-49.14,-49.131,-91.153,53.848,-54.286,75.241,54.405,-22.806
-22.947,-86.65,-27.836,-49.982,-47.659,89.969,45.961,-77.311,71.535,83.374,75.656,-97.909,-28.064,-44.272
88.339,-89.778,-88.107,-46.397,64.123,-47.712,62.109,-19.538,48.706,-54.444,53.046,-97.726,-22.529,43.877
-5.154,81.63,-36.9,-36.342,-89.876,-48.776,-51.069,-87.346,2.43,45.758,0.95,90.008,85.903,3.167
-55.914,78.716,58.189,-69.708,-47.835,-28.086,-55.261,8.055,-29.785,-7.595,-77.243,54.873,-67.582,34.579
86.741,-66.532,-24.027,-94.852,-90.778,38.479,60.926,-88.71,91.784,36.149,-13.221,27.85,-84.194,31.532
91.319,24.535,93.944,-60.879,-75.924,-41.493,-43.664,80.781,-53.647,77.717,71.058,32.237,92.759,-47.341
-67.754,66.479,28.623,87.229,-2.341,-82.429,-37.069,-84.945,-30.839,89.401,42.857,-52.6,27.645,-46.338
10.144,56.56,70.577,-36.102,85.393,-77.61,6.324,17.682,48.336,94.829,-6.946,64.732,-64.518,-63.867
34.146,42.841,-70.236,67.854,45.577,-85.19,38.889,-25.735,-21.68,-66.152,3.064,-26.663,-68.949,-30.182
29.677,-29.404,67.815,71.999,9.313,30.998,44.062,13.125,32.247,-10.315,35.397,98.461,92.559,-62.289
-99.431,29.239,-5.846,-42.972,15.068,57.429,7.746,36.152,41.942,-44.618,-41.876,60.713,-79.708,-30.439
-11.093,-30.247,72.343,-62.198,94.971,47.665,-79.014,43.784,-95.198,52.621,-25.913,-52.26,-53.52,48.581
16.335,-70.524,-30.504,41.16,0.458,88.514,-80.798,71.509,-3.1,-8.166,-92.561,-69.855,64.272,42.087
6.856,87.255,-93.052,-67.791,54.31,-88.744,36.95,-99.814,-60.646,44.086,-81.366,-65.312,88.171,72.374
75.468,-76.602,-32.942,-41.912,-89.815,67.427,-11.959,-98.002,-99.429,83.389,17.482,43.575,84.174,70.018
80.617,36.519,6.966,-10.006,-18.89,-4.253,-21.646,18.252,-85.651,66.134,-36.853,10.413,-32.819,-65.338
-34.857,-53.694,25.008,82.356,-47.536,45.387,89.878,62.002,55.521,67.717,82.389,22.03,17.75,-1.735
-28.705,-75.54,14.684,-61.862,62.783,-11.363,-22.724,-0.152,81.458,-41.481,-59.368,61.451,9.975,-79.983
-14.823,57.444,58.121,20.824,89.866,81.536,-9.853,-89.002,87.073,-7.105,22.577,43.778,57.342,33.551
-63.271,60.095,12.506,48.275,-51.631,47.101,-17.595,-79.496,-72.651,-83.366,-40.341,18.434,-43.779,1.978
-81.322,-43.66,-30.324,-49.032,74.02,100.0,-46.763,-37.11,56.133,32.723,-16.949,-11.525,53.505,98.741
66.242,91.667,-69.204,80.92,-57.963,8.095,98.173,44.794,47.361,35.596,50.369,-52.83,75.877,-7.344
32.744,-4.62,-0.23,-50.747,-86.938,-17.892,61.682,-49.428,73.496,-85.995,-81.516,-91.947,-78.206,-40.939
-68.286,91.951,-70.932,53.458,-40.705,49.613,16.391,-29.433,87.583,-40.347,26.404,-92.21,-99.908,23.975
31.004,-38.056,68.579,94.062,-44.873,55.969,40.038,42.734,-92.258,-86.508,-25.013,19.113,86.981,-21.953
53.088,-47.215,6.748,-15.881,19.186,14.935,-66.924,31.328,91.096,96.903,-59.036,46.211,24.323,-20.985
-94.468,-82.607,-67.332,-15.805,-75.079,-78.912,-17.792,-96.943,-29.182,71.724,-42.686,94.039,-17.553,36.553
-70.613,89.121,92.155,50.993,49.479,94.627,23.439,-58.941,-86.772,43.119,-20.668,-77.908,-27.381,29.439
86.148,33.411,92.085,60.074,83.536,-49.19,95.065,20.164,50.058,68.282,74.73,76.654,-23.52,-99.597
-80.663,-66.471,-29.407,18.057,95.55,-92.28,58.807,11.37,80.867,20.509,92.626,94.816,-78.352,80.788
-49.351,3.322,-69.481,41.474,55.903,96.992,81.14,-54.506,14.677,-99.073,-50.589,-23.452,78.561,-75.981
58.159,15.407,67.557,85.721,-82.227,60.804,-72.865,-2.212,78.242,64.94,28.972,45.294,-95.276,2.855
89.83,9.333,-50.734,2.827,21.508,-46.707,61.355,-96.615,55.93,-96.87,-54.004,-9.29,0.157,66.947
-47.839,-96.529,-38.832,24.935,70.366,5.258,-23.941,46.328,-18.406,-34.494,-40.487,45.635,-94.177,-23.235
23.953,-14.259,-70.765,38.48,-63.622,-89.208,-9.06,-2.251,34.797,-4.68,91.85,39.538,52.078,-90.656
-93.009,56.76,65.1,-22.822,-48.225,-80.789,-5.429,15.797,12.278,-80.594,-60.886,38.548,-42.898,-30.07
83.404,-70.632,42.912,31.777,-75.345,-67.008,65.078,-54.412,-50.184,-5.009,27.359,-80.306,-24.879,-24.138
-31.486,-3.775,37.23,65.186,65.855,-61.199,0.546,-67.155,-66.053,-15.324,76.27,75.872,69.705,-67.503
99.505,-63.657,6.26,-44.751,88.859,-40.389,-34.477,74.203,17.01,53.337,25.104,67.673,-0.434,46.559
-55.495,-94.644,-33.751,-31.768,-39.898,-80.09,-80.727,-41.218,48.41,56.468,-72.051,-24.784,-12.247,12.664
-64.186,51.878,-76.129,-90.171,-4.562,-51.409,54.405,3.956,-86.108,42.629,-74.058,-59.714,-29.787,19.175
-86.358,-18.233,39.801,-92.652,-9.566,96.632,31.101,45.086,-77.909,55.422,32.138,-94.645,30.304,-92.695
-77.712,-88.886,24.684,84.807,-64.68,39.409,-67.245,15.627,77.334,-23.505,2.078,-27.208,-52.881,3.197
-21.372,-67.939,25.771,38.995,96.46,27.526,-96.59,-36.986,-75.462,-79.468,-32.723,41.733,-26.094,-51.69
19.383,19.174,68.426,99.894,-64.182,67.481,67.769,87.967,66.592,-4.335,-55.678,2.296,-24.022,-48.326
80.55,88.017,2.903,-93.554,88.083,52.834,-35.852,59.953,-93.608,-53.402,53.629,61.462,0.443,68.112
40.965,-21.75,-98.876,72.9,15.332,70.495,-18.375,13.795,60.123,-46.68,55.871,-60.425,-95.524,-41.815
74.907,69.407,-29.74,-89.714,20.523,15.135,52.296,32.421,-65.243,11.258,-58.898,-99.909,-66.152,32.573
88.691,57.901,71.066,2.412,48.612,93.346,92.255,-56.859,-33.867,-30.225,-65.772,86.199,74.405,71.183
-81.435,71.894,32.296,97.379,-31.388,-34.338,6.226,3.265,72.998,-95.958,-16.441,-2.511,-95.26,32.32
-85.999,-79.841,-75.555,45.292,69.337,-62.737,-95.198,43.319,52.549,95.533,-0.542,31.016,52.764,-52.489
59.502,95.097,-1.758,16.977,77.583,-95.301,24.166,65.834,37.815,-77.942,33.297,97.185,-87.493,-6.016
-60.794,-2.189,-10.336,-22.178,73.137,43.178,94.971,16.162,60.692,-3.897,-38.197,-41.349,56.123,49.562
-97.03,-6.886,-37.891,57.931,30.174,-51.763,22.162,82.617,12.75,52.292,-63.741,-81.907,-82.638,24.968
-17.56,-12.574,26.605,-96.706,-83.102,-57.949,64.295,-97.269,69.525,1.169,-64.704,-47.044,37.402,95.056
-27.755,63.503,-75.156,52.843,-20.724,-36.162,-18.079,-6.265,15.367,84.23,-73.626,93.65,-35.133,-40.006
8.671,-74.126,73.558,96.43,91.618,-78.373,72.774,-52.134,-5.894,-67.091,-83.64,18.718,-64.379,-1.101
-5.262,11.027,91.856,-31.511,-48.23,-68.442,-10.782,88.076,-68.993,-85.9,44.509,-32.177,3.032,63.011
44.983,-16.321,87.399,99.919,23.357,-0.713,52.16,-85.314,6.967,-67.263,8.783,91.647,-59.136,-76.312
-64.001,14.383,-92.703,-28.035,7.99,76.197,-26.076,8.314,50.449,21.237,12.761,-61.982,43.621,75.058
10.331,24.572,-87.55,-3.788,-87.274,34.462,-48.462,74.497,-23.149,41.719,14.915,22.124,69.558,76.202
7.451,52.806,48.767,-98.001,2.435,-77.369,-43.492,35.775,-8.727,-55.839,-63.039,-46.71,-60.223,34.876
46.851,-82.385,-26.042,-7.342,-65.547,-94.291,91.004,-52.806,-54.97,11.835,-56.145,13.748,25.156,-50.018
86.853,-14.225,-32.472,-73.051,96.715,50.809,-15.213,-71.118,34.981,70.768,-69.99,17.649,6.943,91.065
82.648,-5.384,-99.203,80.563,-43.82,65.51,16.497,14.268,69.889,-92.006,-98.431,40.475,-48.604,37.069
97.861,5.112,70.896,83.473,-87.603,81.102,43.649,20.651,52.753,59.671,-57.898,-1.098,44.162,-7.537
-96.646,54.915,8.042,-1.048,-65.259,0.404,-81.616,85.177,77.375,-3.122,-12.718,-0.075,-70.378,29.714
-2.293,-61.757,-18.4,-19.27,-52.354,23.759,99.506,68.472,-13.355,60.326,-80.609,-32.083,-63.837,-34.381
51.246,83.665,98.499,-92.992,-71.072,-22.536,72.573,25.6,-45.732,-76.352,46.616,-63.602,-16.159,10.35
75.095,8.213,38.194,-10.167,-32.734,-3.781,24.889,-88.043,-63.473,-13.119,57.365,72.909,51.846,-61.371
42.698,-72.16,-52.574,-11.789,51.474,-38.885,83.871,79.963,-58.985,-69.452,9.269,-58.133,-46.376,-79.513
-20.915,-3.001,-21.104,5.507,50.812,-99.298,-97.987,86.126,34.733,6.067,63.706,-37.119,20.458,28.376
1.341,27.979,-76.802,59.309,-96.416,46.252,35.967,9.681,38.387,-52.425,27.548,29.874,10.982,3.613
89.374,10.883,-70.921,19.558,-13.619,73.658,42.661,22.572,-18.279,-4.59,12.111,-95.95,-50.795,43.226
-74.045,-59.558,84.631,-24.357,4.278,64.856,53.97,-54.957,67.401,64.319,94.681,20.788,-16.897,16.635
2.665,70.562,77.982,-71.595,-66.252,-91.923,39.198,-69.278,85.587,-81.835,-96.004,77.233,11.993,-82.875
-32.278,-17.656,22.048,32.697,-70.835,98.424,21.615,30.984,-27.564,39.978,-47.007,26.521,8.308,31.962
59.331,-50.187,-11.462,21.083,-4.95,-77.601,63.55,-64.193,-24.753,55.066,16.387,-67.516,29.769,-20.814
-79.842,58.106,18.354,-76.148,-5.586,53.297,-9.531,-37.744,-95.539,94.256,8.083,20.771,-89.98,99.863
4.011,11.163,93.924,26.146,-53.46,-36.608,68.428,50.912,-76.573,-32.695,1.365,47.287,72.35,-4.704
77.619,-78.192,-21.997,32.226,-5.324,-86.272,8.453,80.899,-74.967,32.605,92.371,25.157,-77.336,-20.65
-74.614,-5.113,85.478,8.802,-19.748,-41.691,-2.516,-57.498,50.713,15.023,80.283,-53.564,-99.198,-98.607
27.237,75.551,-54.953,78.036,-10.643,-28.702,76.521,-51.254,-62.11,37.796,28.399,-36.321,-53.413,-76.551
70.342,85.214,-76.798,42.658,77.551,-49.408,14.295,-88.191,33.883,-31.489,53.497,-83.523,-69.224,59.544
46.263,58.775,-93.441,84.216,-12.994,32.873,-66.331,33.183,60.853,41.585,1.112,4.283,32.032,-73.98
72.035,12.532,-2.399,-64.098,17.456,-88.616,-63.309,-8.961,66.015,54.595,68.542,92.483,67.121,-25.951
-58.257,-37.81,31.466,-63.725,-60.283,-40.227,15.121,93.631,-61.91,12.43,-54.701,-47.98,-53.838,17.954
26.791,-37.932,69.587,60.374,-6.041,-82.883,26.327,41.544,-56.269,-75.323,-16.945,92.047,-54.585,-9.357
66.67,5.782,33.497,16.703,-14.391,-78.017,-33.075,-40.908,41.593,-49.657,33.203,31.509,-99.629,-8.181
61.552,84.79,45.835,-76.586,-86.768,72.512,48.656,-37.119,-9.807,-8.11,47.129,-88.142,59.21,82.938
-65.508,77.105,-89.867,-8.642,-23.14,-77.804,80.153,50.063,1.271,-89.448,-47.481,91.741,15.446,-22.979
-7.316,-34.366,-99.192,-54.052,-74.351,59.437,-36.709,81.951,56.427,58.22,87.231,-98.052,74.853,6.657
-7.422,-61.55,-74.799,96.126,7.198,-72.037,33.754,3.955,45.754,-87.264,-3.592,82.616,-86.417,87.794
68.296,80.624,68.13,58.515,37.811,-77.514,99.048,63.064,47.532,25.93,26.765,-40.939,86.314,71.865
-90.813,74.49,-20.127,-75.031,43.205,0.264,51.522,68.386,-94.327,-10.859,-80.102,72.637,-65.607,16.992
40.4,87.797,63.635,86.096,-25.403,-60.391,99.092,-77.753,11.087,-34.969,-40.118,20.193,-86.381,31.09
63.865,-3.859,91.553,-31.621,-24.96,-98.373,-22.289,62.913,-11.853,10.185,-26.351,-63.435,45.105,-71.213
31.355,63.773,87.39,-87.757,10.588,-17.223,21.126,92.529,90.889,76.915,-97.685,-31.355,67.532,-55.823
-1.616,63.366,-39.413,-43.48,-68.103,-40.393,-73.757,-65.4,-33.151,-44.682,79.341,1.142,-74.944,-16.687
89.3,90.857,-62.975,59.729,-87.234,48.749,-98.611,-17.782,-72.101,-32.44,-39.453,69.073,10.184,2.035
-25.782,-82.927,12.783,30.645,93.129,27.804,-33.198,27.194,48.972,-78.467,-13.843,13.135,14.912,-52.473
55.339,-48.573,39.359,34.806,95.6,69.2,-11.709,-64.857,-8.7,-76.656,31.911,73.781,-31.783,77.72
0.971,93.53,67.853,-18.906,74.617,17.016,-62.801,45.569,-79.556,-22.585,1.318,-54.729,29.706,28.251
-12.082,65.219,-17.683,-48.196,-3.855,99.158,65.367,14.783,54.974,60.891,-38.511,-8.219,-37.002,30.035
35.964,53.074,-86.016,71.427,-59.501,-40.554,-79.669,-7.532,61.473,76.979,-26.255,49.833,-71.027,77.044
-34.671,-88.065,-41.056,-98.966,-47.128,-22.825,-43.5,-14.739,65.561,-82.453,5.623,-35.11,78.024,-35.413
-55.738,35.793,-30.982,87.685,12.364,-90.793,-91.513,88.215,-74.801,-42.768,-77.534,-71.024,61.838,56.255
13.448,91.599,79.319,63.497,-1.876,51.274,-73.001,-84.789,69.422,-39.041,-78.335,-99.251,28.692,-77.847
-56.641,84.166,84.156,24.505,87.527,-95.182,-57.715,78.503,63.324,-73.801,-5.313,67.851,-48.906,61.456
23.918,31.665,96.682,39.809,-6.214,95.447,20.688,-52.653,-52.057,-43.345,-40.34,67.439,56.41,48.146
33.773,29.658,18.139,44.337,84.187,95.324,46.878,-34.835,-25.642,48.621,63.653,65.25,-79.649,16.228
-4.96,71.107,41.633,86.384,88.62,2.971,-42.998,-35.297,-26.556,-21.564,18.259,66.844,85.224,13.667
42.965,70.2,73.87,-12.949,-57.071,62.393,72.157,41.569,-83.409,34.473,-88.939,-78.057,66.667,64.425
8.817,92.972,12.366,-83.384,96.488,-59.966,49.297,37.974,12.324,48.779,-30.141,-86.397,43.854,-34.755
-19.228,36.028,-29.823,-70.942,-33.645,-75.7,61.459,-56.199,24.785,-16.424,16.872,-55.987,50.385,17.379
-13.658,85.833,28.914,42.3,38.291,55.603,-72.023,-52.532,20.977,-34.27,-6.925,-67.206,-72.485,0.455
95.613,95.23,-0.504,44.141,66.097,16.299,-60.972,43.175,63.389,-37.555,2.528,-58.871,-12.004,43.291
44.576,86.017,-23.823,30.048,49.585,-5.205,11.734,65.585,76.461,-29.755,-75.933,88.762,85.113,47.023
41.694,91.523,-41.605,-81.114,43.858,84.811,3.133,-75.657,43.316,-96.38,-11.854,80.64,86.699,-14.527
-89.666,40.662,44.762,-67.855,-57.731,41.012,50.652,68.27,91.369,59.293,-33.862,-59.133,-64.091,32.022
10.318,62.701,-38.411,-6.928,-93.154,60.262,23.629,61.301,-63.151,80.481,-64.323,-12.395,-76.208,2.751
11.72,-3.802,75.374,67.466,-92.594,94.193,-18.74,-33.119,35.061,-77.558,62.035,-64.122,61.137,78.128
51.793,37.224,-62.069,50.991,52.717,23.86,89.772,-99.682,99.158,96.246,63.422,4.075,47.093,75.236
-96.853,-17.905,52.154,-88.646,89.083,-24.562,-55.603,73.963,32.357,-28.34,40.098,-26.467,-19.925,-26.422
41.178,45.01,41.623,-52.805,-47.177,81.545,69.387,96.436,37.863,72.655,-65.689,-46.009,-95.035,8.329
12.457,-36.685,54.102,70.805,91.349,53.464,42.362,62.227,93.985,-29.808,-46.5,74.047,33.83,-37.933
-90.129,-0.041,-84.911,10.802,79.567,-45.6,-24.285,93.371,-40.124,-5.474,-12.951,-62.533,33.43,97.5
23.384,-78.187,91.436,-36.413,-51.43,10.997,17.487,80.199,-30.862,52.329,-36.255,28.827,85.107,-35.48
81.832,13.99,-36.997,43.033,-74.676,94.769,-8.96,-17.497,16.695,20.131,19.318,-58.568,-33.965,-95.03
2.748,43.696,-1.608,77.021,63.969,-87.634,52.571,-7.928,44.418,-0.885,49.541,-3.719,-3.129,-40.117
-69.352,45.017,-14.819,-58.156,-87.822,31.007,50.721,98.916,-70.93,96.174,-81.33,81.115,-57.546,-12.122
-82.269,84.593,69.454,66.524,-4.272,-92.268,-58.847,-88.944,-29.679,87.602,-97.485,-6.055,-74.793,43.481
-69.932,88.287,-77.901,69.863,-18.084,-6.536,66.762,-4.181,40.804,72.332,38.643,61.893,36.25,14.519
65.472,-23.717,-10.813,29.553,66.154,-85.673,-26.03,-29.969,-67.883,-28.573,-14.562,-63.428,38.804,-7.488
19.782,61.082,18.407,-71.072,1.062,94.784,82.489,41.986,-22.133,-96.585,-36.061,-98.769,-44.638,-81.784
-34.832,-29.09,47.476,42.492,-19.128,19.638,91.84,-68.924,9.751,-45.36,55.999,78.097,68.808,45.576
-96.912,54.843,-32.016,0.776,-39.647,41.573,94.181,1.189,-27.42,32.59,37.769,52.885,-85.601,-5.528
3.127,14.049,-39.666,-41.383,-73.838,-68.122,84.514,-29.384,-57.089,48.419,-95.52,61.508,36.422,57.306
67.2,-55.53,24.947,-79.344,58.37,-10.455,-2.685,51.544,-26.715,57.176,86.769,62.371,-41.07,-16.894
1.712,75.918,29.309,8.306,74.577,-93.66,54.334,53.069,-1.266,-82.272,43.956,-42.075,-89.045,-5.484
22.742,-76.894,-80.233,-14.95,70.16,55.699,-80.468,-47.812,44.93,81.637,-4.36,18.393,49.95,-20.147
49.445,52.76,-20.684,-63.374,89.86,-98.236,46.509,88.684,2.96,22.38,-59.723,55.688,81.543,62.507
35.13,38.535,92.052,41.887,-31.538,15.037,-62.455,-80.594,85.885,-87.697,-52.85,66.838,29.84,-95.56
56.164,15.095,-49.08,-73.185,25.225,-28.96,-80.262,37.909,-42.461,-55.237,59.847,61.748,15.516,-89.673
-52.936,30.639,92.927,-21.187,35.259,-61.176,26.563,56.044,-55.814,51.521,42.002,-98.845,3.593,-61.818
50.157,-72.535,-4.001,-39.865,60.39,-42.691,50.22,-43.451,31.909,84.095,75.859,44.24,96.689,36.473
56.894,-10.722,80.345,-43.33,-43.657,95.721,41.595,77.179,-8.506,76.16,-67.595,-59.565,44.423,11.511
18.57,-30.052,83.164,58.426,60.172,-65.421,-8.517,-14.274,5.015,-17.646,30.167,-51.676,27.469,40.029
-39.887,-76.241,31.259,-17.471,13.804,7.198,-2.403,7.971,60.207,12.089,-88.214,-65.641,51.603,67.724
-82.308,58.541,74.651,-56.329,96.206,-67.658,-29.31,95.339,82.708,-3.276,-62.683,-58.528,98.576,-4.721
-48.964,39.683,49.527,-97.625,-28.773,-11.201,-76.769,67.456,-29.348,22.67,-0.739,35.709,-2.921,91.688
-5.759,10.22,12.306,-48.002,33.126,22.409,80.763,61.097,52.749,-1.011,38.267,10.016,-40.659,18.065
63.629,55.105,17.891,63.381,49.003,-56.045,91.32,71.973,-29.306,-82.884,71.072,-83.229,76.093,97.011
63.407,-7.637,31.085,68.271,-49.222,82.987,-46.658,-52.209,69.496,-40.781,75.548,-95.419,-98.074,14.404
88.57,-98.498,80.498,-38.664,-86.828,-11.515,-49.508,52.316,28.17,49.586,-54.837,-94.219,4.764,98.586
14.699,-63.436,-81.282,-4.778,-70.314,-97.483,-46.758,74.262,-93.318,79.405,68.454,84.919,93.334,-81.048
-58.298,13.528,-84.357,38.671,61.982,-46.886,43.603,-66.596,17.431,-88.51,-87.238,68.307,-54.124,12.821
70.562,35.847,-57.111,-95.095,-1.326,51.995,-6.957,-83.336,6.593,-80.848,55.692,-38.8,-69.462,81.374
-34.73,2.965,65.19,-26.931,-5.501,-77.202,71.191,68.411,68.001,17.306,45.515,-12.211,68.709,84.419
-79.923,-90.017,77.015,-32.747,-22.191,-81.523,-46.321,91.823,80.335,86.079,9.373,-80.806,-38.182,60.185
-39.406,77.32,61.231,7.218,32.835,72.064,63.871,5.72,-35.609,52.372,2.384,57.782,-88.334,40.512
-68.289,-60.738,-68.411,-34.229,60.299,-69.385,-91.333,-42.828,60.574,74.084,74.669,-44.314,-48.446,1.098
-92.166,18.906,-99.305,-19.901,48.659,-94.955,15.216,-90.593,-32.63,-33.681,80.844,-48.022,-30.883,82.814
-37.384,-28.759,-8.86,-49.005,94.56,78.133,-15.056,-87.344,7.813,79.051,28.244,-92.92,29.45,1.119
-21.38,-17.667,-65.458,-64.774,55.567,-53.067,79.939,-88.497,-26.077,-69.812,25.583,96.306,68.552,58.317
-31.942,-46.08,0.625,80.584,-79.199,56.823,71.392,-42.188,3.564,98.179,-1.974,87.376,25.508,16.288
25.731,95.739,-79.483,53.27,39.086,-32.536,53.013,13.542,21.142,-2.013,-86.023,-14.82,-26.235,-85.86
-91.595,-49.666,-62.338,-63.51,36.376,-90.712,83.993,-33.71,-1.315,79.474,-4.14,-5.809,-92.633,65.516
54.521,-27.976,-1.511,90.718,-90.741,2.051,-46.603,-50.193,24.611,51.742,21.918,-80.743,10.623,-48.429
-55.964,-77.222,24.504,56.593,-60.269,54.6,95.303,-6.883,58.879,-82.581,-95.897,-52.189,-81.391,54.251
-38.319,-40.719,-17.316,70.039,-17.404,-97.624,-0.894,-83.093,10.382,-56.589,-50.168,24.171,98.929,6.331
-82.491,61.689,-81.505,23.274,26.83,78.86,-44.037,42.914,-32.496,-1.17,94.816,85.701,-65.684,-69.197
96.02,93.848,-12.113,-15.309,13.143,89.208,71.26,-77.554,-36.867,-60.743,1.597,-12.647,61.221,36.202
45.585,-76.857,-36.345,-64.635,19.775,57.254,-79.367,10.568,-21.29,-90.054,-29.563,-11.017,-27.422,72.783
9.2,24.269,63.952,29.798,-22.154,1.622,6.031,28.962,89.51,62.604,-87.826,-61.044,-22.711,-71.915
-32.913,93.2,-73.108,-62.767,3.008,-55.667,46.04,-12.169,5.374,-52.388,-32.454,7.863,10.423,2.568
94.069,-42.555,-70.426,75.656,-81.349,15.401,-12.769,-14.833,5.608,77.784,20.264,-12.079,-70.263,73.64
82.203,52.262,56.859,18.065,-45.758,75.656,49.012,-33.89,55.746,45.972,72.037,-9.326,89.001,-37.01
-68.107,-87.931,-12.688,-23.919,-7.37,-9.238,-73.385,9.962,14.688,48.232,-49.475,25.508,-68.044,0.435
84.284,26.133,-43.288,15.129,-26.967,-97.616,56.631,17.363,-17.926,-68.569,65.211,-65.121,-12.133,-18.348
-76.867,76.807,-45.081,97.697,-85.305,-33.124,75.101,10.566,-78.757,-26.164,61.111,7.945,-10.522,4.035
-95.819,79.42,53.938,-90.118,52.603,-99.413,86.868,89.029,6.984,96.183,-50.288,-3.98,71.96,-29.48
